Pillar_number,Pillar,Dimension_number,Dimension,Indicator_number,Indicator,Indicator_id,Size,Pillar_description,Dimension_description,Indicator_description,Indicator_scoring,Indicator_abv
1,Pillar 1: Data Use,1.1,Dimension 1.1: Data use by national legislature,"",No indicators currently available,"",1,"The data use overall score is a composite score measuring the demand side of the statistical system. The data use pillar is segmented by five types of users: (i) the legislature, (ii) the executive branch, (iii) civil society (including sub-national actors), (iv) academia and (v) international bodies. Each dimension would have associated indicators to measure performance. A mature system would score well across all dimensions whereas a less mature one would have weaker scores along certain dimensions. The gaps would give insights into prioritization among user groups and help answer questions as to why the existing services are not resulting in higher use of national statistics in a particular segment. Currently, the SPI only features indicators for one of the five dimensions of data use, which is data use by international organizations. Indicators on whether statistical systems are providing useful data to their national governments (legislature and executive branches), to civil society, and to academia are absent. Thus the dashboard does not yet assess if national statistical systems are meeting the data needs of a large swathe of users.",Not included because of lack of established methodology. In principle it may be possible to utilize websites of national legislatures but this will require further work and assessment.,"","",""
1,Pillar 1: Data Use,1.2,Dimension 1.2: Data use by national executive branch,"",No indicators currently available,"",1,"The data use overall score is a composite score measuring the demand side of the statistical system. The data use pillar is segmented by five types of users: (i) the legislature, (ii) the executive branch, (iii) civil society (including sub-national actors), (iv) academia and (v) international bodies. Each dimension would have associated indicators to measure performance. A mature system would score well across all dimensions whereas a less mature one would have weaker scores along certain dimensions. The gaps would give insights into prioritization among user groups and help answer questions as to why the existing services are not resulting in higher use of national statistics in a particular segment. Currently, the SPI only features indicators for one of the five dimensions of data use, which is data use by international organizations. Indicators on whether statistical systems are providing useful data to their national governments (legislature and executive branches), to civil society, and to academia are absent. Thus the dashboard does not yet assess if national statistical systems are meeting the data needs of a large swathe of users.",Not included because of lack of established methodology. There are some usable data sources (as used by PARIS21) but gaps in data across countries have prevented full adoption.,"","",""
1,Pillar 1: Data Use,1.3,Dimension 1.3: Data use by civil society,"",No indicators currently available,"",1,"The data use overall score is a composite score measuring the demand side of the statistical system. The data use pillar is segmented by five types of users: (i) the legislature, (ii) the executive branch, (iii) civil society (including sub-national actors), (iv) academia and (v) international bodies. Each dimension would have associated indicators to measure performance. A mature system would score well across all dimensions whereas a less mature one would have weaker scores along certain dimensions. The gaps would give insights into prioritization among user groups and help answer questions as to why the existing services are not resulting in higher use of national statistics in a particular segment. Currently, the SPI only features indicators for one of the five dimensions of data use, which is data use by international organizations. Indicators on whether statistical systems are providing useful data to their national governments (legislature and executive branches), to civil society, and to academia are absent. Thus the dashboard does not yet assess if national statistical systems are meeting the data needs of a large swathe of users.","Not included because of lack of established methodology. There are some usable data sources with good coverage, for example from social media but more data is required to help assess and allow for likely biases between and within countries.","","",""
1,Pillar 1: Data Use,1.4,Dimension 1.4: Data use by academia,"",No indicators currently available,"",1,"The data use overall score is a composite score measuring the demand side of the statistical system. The data use pillar is segmented by five types of users: (i) the legislature, (ii) the executive branch, (iii) civil society (including sub-national actors), (iv) academia and (v) international bodies. Each dimension would have associated indicators to measure performance. A mature system would score well across all dimensions whereas a less mature one would have weaker scores along certain dimensions. The gaps would give insights into prioritization among user groups and help answer questions as to why the existing services are not resulting in higher use of national statistics in a particular segment. Currently, the SPI only features indicators for one of the five dimensions of data use, which is data use by international organizations. Indicators on whether statistical systems are providing useful data to their national governments (legislature and executive branches), to civil society, and to academia are absent. Thus the dashboard does not yet assess if national statistical systems are meeting the data needs of a large swathe of users.",Not included because of lack of established methodology. We have not been able to find usable data sources with global coverage on which a new methodology could be developed.,"","",""
1,Pillar 1: Data Use,1.5,Dimension 1.5: Data use by international organisations,SPI.D1.5.CHLD.MORT,"Indicator 1.5.2: Availability of Mortality rate, under-5 (per 1,000 live births) data meeting quality standards according to UN IGME",SPI.D1.5.CHLD.MORT,1,"The data use overall score is a composite score measuring the demand side of the statistical system. The data use pillar is segmented by five types of users: (i) the legislature, (ii) the executive branch, (iii) civil society (including sub-national actors), (iv) academia and (v) international bodies. Each dimension would have associated indicators to measure performance. A mature system would score well across all dimensions whereas a less mature one would have weaker scores along certain dimensions. The gaps would give insights into prioritization among user groups and help answer questions as to why the existing services are not resulting in higher use of national statistics in a particular segment. Currently, the SPI only features indicators for one of the five dimensions of data use, which is data use by international organizations. Indicators on whether statistical systems are providing useful data to their national governments (legislature and executive branches), to civil society, and to academia are absent. Thus the dashboard does not yet assess if national statistical systems are meeting the data needs of a large swathe of users.","Five measures of usefulness or reliability of country produced measures for international organizations have been included. First, on comparability of poverty estimates for the World Bank reporting on international poverty using Povcalnet. Second on usable surveys for statistics on child mortality for the UN Inter-agency Group for Child Mortality Estimation. Third on accuracy of debt reporting as classified by the World Bank (Source: World Bank WDI metadata). Fourth, on availability of safely managed drinking water data for use by WHO/UNICEF Joint Monitoring Programme. Fifth, on labor force participation data for use by ILO. While these data sources provide only a partial coverage of data used by international organizations, they do provide an indication of the performance of the national statistical system.",Child Mortality Metadata from UN IGME,1 Point. At least three indicators that met UN IGME standards within past 5 years. 0.67 Points. Two indicators that met UN IGME standards within past 5 years. 0.33 Points. One indicators that met UN IGME standards within past 5 years 0 Points. None within past 5 years,CHLD.MORT
1,Pillar 1: Data Use,1.5,Dimension 1.5: Data use by international organisations,SPI.D1.5.DT.TDS.DPPF.XP.ZS,Indicator 1.5.3: Quality of Debt service data according to World Bank,SPI.D1.5.DT.TDS.DPPF.XP.ZS,1,"The data use overall score is a composite score measuring the demand side of the statistical system. The data use pillar is segmented by five types of users: (i) the legislature, (ii) the executive branch, (iii) civil society (including sub-national actors), (iv) academia and (v) international bodies. Each dimension would have associated indicators to measure performance. A mature system would score well across all dimensions whereas a less mature one would have weaker scores along certain dimensions. The gaps would give insights into prioritization among user groups and help answer questions as to why the existing services are not resulting in higher use of national statistics in a particular segment. Currently, the SPI only features indicators for one of the five dimensions of data use, which is data use by international organizations. Indicators on whether statistical systems are providing useful data to their national governments (legislature and executive branches), to civil society, and to academia are absent. Thus the dashboard does not yet assess if national statistical systems are meeting the data needs of a large swathe of users.","Five measures of usefulness or reliability of country produced measures for international organizations have been included. First, on comparability of poverty estimates for the World Bank reporting on international poverty using Povcalnet. Second on usable surveys for statistics on child mortality for the UN Inter-agency Group for Child Mortality Estimation. Third on accuracy of debt reporting as classified by the World Bank (Source: World Bank WDI metadata). Fourth, on availability of safely managed drinking water data for use by WHO/UNICEF Joint Monitoring Programme. Fifth, on labor force participation data for use by ILO. While these data sources provide only a partial coverage of data used by international organizations, they do provide an indication of the performance of the national statistical system.",Debt Reporting Metadata from World Bank,1 Points. Actual value. 0.67 Points. Preliminary value 0.33 Points. Estimated value. 0 Points. No value,DT.TDS.DPPF.XP.ZS
1,Pillar 1: Data Use,1.5,Dimension 1.5: Data use by international organisations,SPI.D1.5.LFP,Indicator 1.5.5: Labor force participation rate by sex and age (%),SPI.D1.5.LFP,1,"The data use overall score is a composite score measuring the demand side of the statistical system. The data use pillar is segmented by five types of users: (i) the legislature, (ii) the executive branch, (iii) civil society (including sub-national actors), (iv) academia and (v) international bodies. Each dimension would have associated indicators to measure performance. A mature system would score well across all dimensions whereas a less mature one would have weaker scores along certain dimensions. The gaps would give insights into prioritization among user groups and help answer questions as to why the existing services are not resulting in higher use of national statistics in a particular segment. Currently, the SPI only features indicators for one of the five dimensions of data use, which is data use by international organizations. Indicators on whether statistical systems are providing useful data to their national governments (legislature and executive branches), to civil society, and to academia are absent. Thus the dashboard does not yet assess if national statistical systems are meeting the data needs of a large swathe of users.","Five measures of usefulness or reliability of country produced measures for international organizations have been included. First, on comparability of poverty estimates for the World Bank reporting on international poverty using Povcalnet. Second on usable surveys for statistics on child mortality for the UN Inter-agency Group for Child Mortality Estimation. Third on accuracy of debt reporting as classified by the World Bank (Source: World Bank WDI metadata). Fourth, on availability of safely managed drinking water data for use by WHO/UNICEF Joint Monitoring Programme. Fifth, on labor force participation data for use by ILO. While these data sources provide only a partial coverage of data used by international organizations, they do provide an indication of the performance of the national statistical system.",Labor force participation data for use by ILO,"1 Point. Country has a labor force survey based estimate in past 5 years of labor force participation broken down by total, male, and female & estimated value from ILO is within 10 percentage points of value reported by national government. 
 
 0.5 Point. Country has labor force survey or is within 10 points of ILO, but not both 
 
 0 Points. Otherwise",LFP
1,Pillar 1: Data Use,1.5,Dimension 1.5: Data use by international organisations,SPI.D1.5.POV,Indicator 1.5.1: Availability of Comparable Poverty headcount ratio at $2.15 a day,SPI.D1.5.POV,1,"The data use overall score is a composite score measuring the demand side of the statistical system. The data use pillar is segmented by five types of users: (i) the legislature, (ii) the executive branch, (iii) civil society (including sub-national actors), (iv) academia and (v) international bodies. Each dimension would have associated indicators to measure performance. A mature system would score well across all dimensions whereas a less mature one would have weaker scores along certain dimensions. The gaps would give insights into prioritization among user groups and help answer questions as to why the existing services are not resulting in higher use of national statistics in a particular segment. Currently, the SPI only features indicators for one of the five dimensions of data use, which is data use by international organizations. Indicators on whether statistical systems are providing useful data to their national governments (legislature and executive branches), to civil society, and to academia are absent. Thus the dashboard does not yet assess if national statistical systems are meeting the data needs of a large swathe of users.","Five measures of usefulness or reliability of country produced measures for international organizations have been included. First, on comparability of poverty estimates for the World Bank reporting on international poverty using Povcalnet. Second on usable surveys for statistics on child mortality for the UN Inter-agency Group for Child Mortality Estimation. Third on accuracy of debt reporting as classified by the World Bank (Source: World Bank WDI metadata). Fourth, on availability of safely managed drinking water data for use by WHO/UNICEF Joint Monitoring Programme. Fifth, on labor force participation data for use by ILO. While these data sources provide only a partial coverage of data used by international organizations, they do provide an indication of the performance of the national statistical system.",Comparability data from World Bank's Povcalnet,1 Point. Comparable data lasting at least two years within past 5 years.  0 Points. No comparable data within past 5 years,POV
1,Pillar 1: Data Use,1.5,Dimension 1.5: Data use by international organisations,SPI.D1.5.SAFE.MAN.WATER,Indicator 1.5.4: Safely Managed Drinking Water,SPI.D1.5.SAFE.MAN.WATER,1,"The data use overall score is a composite score measuring the demand side of the statistical system. The data use pillar is segmented by five types of users: (i) the legislature, (ii) the executive branch, (iii) civil society (including sub-national actors), (iv) academia and (v) international bodies. Each dimension would have associated indicators to measure performance. A mature system would score well across all dimensions whereas a less mature one would have weaker scores along certain dimensions. The gaps would give insights into prioritization among user groups and help answer questions as to why the existing services are not resulting in higher use of national statistics in a particular segment. Currently, the SPI only features indicators for one of the five dimensions of data use, which is data use by international organizations. Indicators on whether statistical systems are providing useful data to their national governments (legislature and executive branches), to civil society, and to academia are absent. Thus the dashboard does not yet assess if national statistical systems are meeting the data needs of a large swathe of users.","Five measures of usefulness or reliability of country produced measures for international organizations have been included. First, on comparability of poverty estimates for the World Bank reporting on international poverty using Povcalnet. Second on usable surveys for statistics on child mortality for the UN Inter-agency Group for Child Mortality Estimation. Third on accuracy of debt reporting as classified by the World Bank (Source: World Bank WDI metadata). Fourth, on availability of safely managed drinking water data for use by WHO/UNICEF Joint Monitoring Programme. Fifth, on labor force participation data for use by ILO. While these data sources provide only a partial coverage of data used by international organizations, they do provide an indication of the performance of the national statistical system.",Availability of Safely Managed Drinking Water data for use by JMP,"1 Point. At least two estimates, with breakdowns for urban/rural areas, within an 8 year window 
 
  0.5 Points. At least two estimates, but not an urban/rural breakdown, within an 8 year window 
 
  0 Points. Otherwise",SAFE.MAN.WATER
2,Pillar 2: Data Services,2.1,Dimension 2.1: Data releases,SPI.D2.1.GDDS,Indicator 2.1.1: SDDS/e-GDDS subscription,SPI.D2.1.GDDS,1,"The data services pillar overall score is a composite indicator based on four dimensions of data services: (i) the quality of data releases, (ii) the richness and openness of online access, (iii) the effectiveness of advisory and analytical services related to statistics, and (iv) the availability and use of data access services such as secure microdata access. Advisory and analytical services might incorporate elements related to data stewardship services including input to national data strategies, advice on data ethics and calling out misuse of data in accordance with the Fundamental Principles of Official Statistics.","SDDS/e-GDDS subscription. This indicator is based on whether the country subscribes to IMF SDDS+, SDDS, or e-GDDS standards. The source is the IMF Dissemination Standards Bulletin Board. This is a reliable data source but we recognize that it is a proxy for the concept we are seeking to capture rather than a direct measurement.","The Special Data Dissemination Standard (SDDS) and electronic General Data Dissemination Standard (e-GDDS) were established by the International Monetary Fund (IMF) for member countries that have or that might seek access to international capital markets, to guide them in providing their economic and financial data to the public.  Although subscription is voluntary, the subscribing member needs to be committed to observing the standard and provide information about its data and data dissemination practices (metadata).  The metadata are posted on the IMF’s SDDS and e-GDDS websites.",Point. Subscribing to IMF SDDS+ or SDDS standards 0.5 Points. Subscribing to IMF e-GDDS standards. 0 Points. Otherwise,GDDS
2,Pillar 2: Data Services,2.2,Dimension 2.2: Online access,SPI.D2.2.Download.options,Indicator 2.2.4: Download Options Score,SPI.D2.2.Download.options,1,"The data services pillar overall score is a composite indicator based on four dimensions of data services: (i) the quality of data releases, (ii) the richness and openness of online access, (iii) the effectiveness of advisory and analytical services related to statistics, and (iv) the availability and use of data access services such as secure microdata access. Advisory and analytical services might incorporate elements related to data stewardship services including input to national data strategies, advice on data ethics and calling out misuse of data in accordance with the Fundamental Principles of Official Statistics.","ODIN Open Data Openness score (Crowell et al). This is a well-established data source with good country coverage, which scores countries based on whether indicators are available online in a format that is machine readable, in a non-proprietary format, downloadable, with metadata available and terms of use. Scores range from 0-1. For more details, consult the ODIN technical documentation.",Download Options Score,"Our source for this indicator is Open Data Watch.  Scores range from 0-1.  For more details, consult the ODIN technical documentation.",Download.options
2,Pillar 2: Data Services,2.2,Dimension 2.2: Online access,SPI.D2.2.Machine.readable,Indicator 2.2.2: Machine Readability Score,SPI.D2.2.Machine.readable,1,"The data services pillar overall score is a composite indicator based on four dimensions of data services: (i) the quality of data releases, (ii) the richness and openness of online access, (iii) the effectiveness of advisory and analytical services related to statistics, and (iv) the availability and use of data access services such as secure microdata access. Advisory and analytical services might incorporate elements related to data stewardship services including input to national data strategies, advice on data ethics and calling out misuse of data in accordance with the Fundamental Principles of F13+F14","ODIN Open Data Openness score (Crowell et al). This is a well-established data source with good country coverage, which scores countries based on whether indicators are available online in a format that is machine readable, in a non-proprietary format, downloadable, with metadata available and terms of use. Scores range from 0-1. For more details, consult the ODIN technical documentation.",Machine Readability Score,"Our source for this indicator is Open Data Watch.  Scores range from 0-1.  For more details, consult the ODIN technical documentation.",Machine.readable
2,Pillar 2: Data Services,2.2,Dimension 2.2: Online access,SPI.D2.2.Metadata.available,Indicator 2.2.5: Metadata Available Score,SPI.D2.2.Metadata.available,1,"The data services pillar overall score is a composite indicator based on four dimensions of data services: (i) the quality of data releases, (ii) the richness and openness of online access, (iii) the effectiveness of advisory and analytical services related to statistics, and (iv) the availability and use of data access services such as secure microdata access. Advisory and analytical services might incorporate elements related to data stewardship services including input to national data strategies, advice on data ethics and calling out misuse of data in accordance with the Fundamental Principles of Official Statistics.","ODIN Open Data Openness score (Crowell et al). This is a well-established data source with good country coverage, which scores countries based on whether indicators are available online in a format that is machine readable, in a non-proprietary format, downloadable, with metadata available and terms of use. Scores range from 0-1. For more details, consult the ODIN technical documentation.",Metadata Available Score,"Our source for this indicator is Open Data Watch.  Scores range from 0-1.  For more details, consult the ODIN technical documentation.",Metadata.available
2,Pillar 2: Data Services,2.2,Dimension 2.2: Online access,SPI.D2.2.Non.proprietary,Indicator 2.2.3: Non-Proprietary format Score,SPI.D2.2.Non.proprietary,1,"The data services pillar overall score is a composite indicator based on four dimensions of data services: (i) the quality of data releases, (ii) the richness and openness of online access, (iii) the effectiveness of advisory and analytical services related to statistics, and (iv) the availability and use of data access services such as secure microdata access. Advisory and analytical services might incorporate elements related to data stewardship services including input to national data strategies, advice on data ethics and calling out misuse of data in accordance with the Fundamental Principles of Official Statistics.","ODIN Open Data Openness score (Crowell et al). This is a well-established data source with good country coverage, which scores countries based on whether indicators are available online in a format that is machine readable, in a non-proprietary format, downloadable, with metadata available and terms of use. Scores range from 0-1. For more details, consult the ODIN technical documentation.",Non-Proprietary format Score,"Our source for this indicator is Open Data Watch.  Scores range from 0-1.  For more details, consult the ODIN technical documentation.",Non.proprietary
2,Pillar 2: Data Services,2.2,Dimension 2.2: Online access,SPI.D2.2.Openness.subscore,Indicator 2.2.1: ODIN Open Data Openness score,SPI.D2.2.Openness.subscore,1,"The data services pillar overall score is a composite indicator based on four dimensions of data services: (i) the quality of data releases, (ii) the richness and openness of online access, (iii) the effectiveness of advisory and analytical services related to statistics, and (iv) the availability and use of data access services such as secure microdata access. Advisory and analytical services might incorporate elements related to data stewardship services including input to national data strategies, advice on data ethics and calling out misuse of data in accordance with the Fundamental Principles of Official Statistics.","ODIN Open Data Openness score (Crowell et al). This is a well-established data source with good country coverage, which scores countries based on whether indicators are available online in a format that is machine readable, in a non-proprietary format, downloadable, with metadata available and terms of use. Scores range from 0-1. For more details, consult the ODIN technical documentation.",ODW Openness score,"Our source for this indicator is Open Data Watch.  Scores range from 0-1.  For more details, consult the ODIN technical documentation.",Openness.subscore
2,Pillar 2: Data Services,2.2,Dimension 2.2: Online access,SPI.D2.2.Terms.of.use,Indicator 2.2.6: Terms of Use Score,SPI.D2.2.Terms.of.use,1,"The data services pillar overall score is a composite indicator based on four dimensions of data services: (i) the quality of data releases, (ii) the richness and openness of online access, (iii) the effectiveness of advisory and analytical services related to statistics, and (iv) the availability and use of data access services such as secure microdata access. Advisory and analytical services might incorporate elements related to data stewardship services including input to national data strategies, advice on data ethics and calling out misuse of data in accordance with the Fundamental Principles of Official Statistics.","ODIN Open Data Openness score (Crowell et al). This is a well-established data source with good country coverage, which scores countries based on whether indicators are available online in a format that is machine readable, in a non-proprietary format, downloadable, with metadata available and terms of use. Scores range from 0-1. For more details, consult the ODIN technical documentation.",Terms of Use Score,"Our source for this indicator is Open Data Watch.  Scores range from 0-1.  For more details, consult the ODIN technical documentation.",Terms.of.use
2,Pillar 2: Data Services,2.3,Dimension 2.3: Advisory/ Analytical Services,SPI.D2.3.DSAS,Indicator 2.3.1: NSO Website,SPI.D2.3.DSAS,1,"The data services pillar overall score is a composite indicator based on four dimensions of data services: (i) the quality of data releases, (ii) the richness and openness of online access, (iii) the effectiveness of advisory and analytical services related to statistics, and (iv) the availability and use of data access services such as secure microdata access. Advisory and analytical services might incorporate elements related to data stewardship services including input to national data strategies, advice on data ethics and calling out misuse of data in accordance with the Fundamental Principles of Official Statistics.",Not included because of lack of established methodology. This could be a new indicator of the number of non-recurring products on NSO website (ad hoc/experimental rather than regular releases). The indicator is the number of products found. No established source exists for this indicator.,New indicator of number of non-recurring products on NSO website (ad hoc/experimental rather than regular releases). The indicator is the number of products found.,No established methodology.,DSAS
2,Pillar 2: Data Services,2.4,Dimension 2.4: Data access services,SPI.D2.4.NADA,Indicator 2.4.1: NADA metadata,SPI.D2.4.NADA,1,"The data services pillar overall score is a composite indicator based on four dimensions of data services: (i) the quality of data releases, (ii) the richness and openness of online access, (iii) the effectiveness of advisory and analytical services related to statistics, and (iv) the availability and use of data access services such as secure microdata access. Advisory and analytical services might incorporate elements related to data stewardship services including input to national data strategies, advice on data ethics and calling out misuse of data in accordance with the Fundamental Principles of Official Statistics.","NADA metadata. This indicator checks whether NADA microdata cataloging is available for surveys produced by NSO. NADA is an open source microdata cataloging system, compliant with the Data Documentation Initiative (DDI) and Dublin Cores RDF metadata standards. Source: NSO websites.",NADA/NSO websites.  Statistical systems must be open and transparent about their methods and procedures and provide access to adequate metadata – detailed descriptions of the methods and procedures used to produce the data.,"1 Point. Yes, available. 0 Points. No",NADA
3,Pillar 3: Data Products,3.1,Dimension 3.1: Social Statistics,SPI.D3.1.EDUC,Indicator 3.1.4: GOAL 4: Quality Education,SPI.D3.1.EDUC,1,"The data products overall score is a composite score measureing whether the country is able to produce relevant indicators, primarily related to SDGs. The data products (internal process) pillar is segmented by four topics and organized into (i) social, (ii) economic, (iii) environmental, and (iv) institutional dimensions using the typology of the Sustainable Development Goals (SDGs). This approach anchors the national statistical systems performance around the essential data required to support the achievement of the 2030 global goals, and enables comparisons across countries so that a global view can be generated while enabling country specific emphasis to reflect the user needs of that country.","Availability of indicators for the Sustainable Development Goals 1-6, measured by an average score. The primary data source is the UN SDG database. While this is a database with comprehensive coverage that all countries have signed up to, many countries are not yet submitting all their available national data. For this reason, scores for some countries thus may not fully capture their performance in calculating the indicators. For OECD countries, we supplement the UN SDG database with comparable data submitted to the OECD following the methodology in Measuring Distance to the SDG Targets 2019: An Assessment of Where OECD Countries Stand.",SDG Goal 4 data availability.  Source: UN Global SDG Indicators Database,Fraction of Indicators in Goal 4 with value produced by countries statistical system,EDUC
3,Pillar 3: Data Products,3.1,Dimension 3.1: Social Statistics,SPI.D3.1.GEND,Indicator 3.1.5: GOAL 5: Gender Equality,SPI.D3.1.GEND,1,"The data products overall score is a composite score measureing whether the country is able to produce relevant indicators, primarily related to SDGs. The data products (internal process) pillar is segmented by four topics and organized into (i) social, (ii) economic, (iii) environmental, and (iv) institutional dimensions using the typology of the Sustainable Development Goals (SDGs). This approach anchors the national statistical systems performance around the essential data required to support the achievement of the 2030 global goals, and enables comparisons across countries so that a global view can be generated while enabling country specific emphasis to reflect the user needs of that country.","Availability of indicators for the Sustainable Development Goals 1-6, measured by an average score. The primary data source is the UN SDG database. While this is a database with comprehensive coverage that all countries have signed up to, many countries are not yet submitting all their available national data. For this reason, scores for some countries thus may not fully capture their performance in calculating the indicators. For OECD countries, we supplement the UN SDG database with comparable data submitted to the OECD following the methodology in Measuring Distance to the SDG Targets 2019: An Assessment of Where OECD Countries Stand.",SDG Goal 5 data availability.  Source: UN Global SDG Indicators Database,Fraction of Indicators in Goal 5 with value produced by countries statistical system,GEND
3,Pillar 3: Data Products,3.1,Dimension 3.1: Social Statistics,SPI.D3.1.HLTH,Indicator 3.1.3: GOAL 3: Good Health and Well-being,SPI.D3.1.HLTH,1,"The data products overall score is a composite score measureing whether the country is able to produce relevant indicators, primarily related to SDGs. The data products (internal process) pillar is segmented by four topics and organized into (i) social, (ii) economic, (iii) environmental, and (iv) institutional dimensions using the typology of the Sustainable Development Goals (SDGs). This approach anchors the national statistical systems performance around the essential data required to support the achievement of the 2030 global goals, and enables comparisons across countries so that a global view can be generated while enabling country specific emphasis to reflect the user needs of that country.","Availability of indicators for the Sustainable Development Goals 1-6, measured by an average score. The primary data source is the UN SDG database. While this is a database with comprehensive coverage that all countries have signed up to, many countries are not yet submitting all their available national data. For this reason, scores for some countries thus may not fully capture their performance in calculating the indicators. For OECD countries, we supplement the UN SDG database with comparable data submitted to the OECD following the methodology in Measuring Distance to the SDG Targets 2019: An Assessment of Where OECD Countries Stand.",SDG Goal 3 data availability.  Source: UN Global SDG Indicators Database,Fraction of Indicators in Goal 3 with value produced by countries statistical system,HLTH
3,Pillar 3: Data Products,3.1,Dimension 3.1: Social Statistics,SPI.D3.1.HNGR,Indicator 3.1.2: GOAL 2: Zero Hunger,SPI.D3.1.HNGR,1,"The data products overall score is a composite score measureing whether the country is able to produce relevant indicators, primarily related to SDGs. The data products (internal process) pillar is segmented by four topics and organized into (i) social, (ii) economic, (iii) environmental, and (iv) institutional dimensions using the typology of the Sustainable Development Goals (SDGs). This approach anchors the national statistical systems performance around the essential data required to support the achievement of the 2030 global goals, and enables comparisons across countries so that a global view can be generated while enabling country specific emphasis to reflect the user needs of that country.","Availability of indicators for the Sustainable Development Goals 1-6, measured by an average score. The primary data source is the UN SDG database. While this is a database with comprehensive coverage that all countries have signed up to, many countries are not yet submitting all their available national data. For this reason, scores for some countries thus may not fully capture their performance in calculating the indicators. For OECD countries, we supplement the UN SDG database with comparable data submitted to the OECD following the methodology in Measuring Distance to the SDG Targets 2019: An Assessment of Where OECD Countries Stand.",SDG Goal 2 data availability.  Source: UN Global SDG Indicators Database,Fraction of Indicators in Goal 2 with value produced by countries statistical system,HNGR
3,Pillar 3: Data Products,3.1,Dimension 3.1: Social Statistics,SPI.D3.1.POV,Indicator 3.1.1: GOAL 1: No Poverty,SPI.D3.1.POV,1,"The data products overall score is a composite score measureing whether the country is able to produce relevant indicators, primarily related to SDGs. The data products (internal process) pillar is segmented by four topics and organized into (i) social, (ii) economic, (iii) environmental, and (iv) institutional dimensions using the typology of the Sustainable Development Goals (SDGs). This approach anchors the national statistical systems performance around the essential data required to support the achievement of the 2030 global goals, and enables comparisons across countries so that a global view can be generated while enabling country specific emphasis to reflect the user needs of that country.","Availability of indicators for the Sustainable Development Goals 1-6, measured by an average score. The primary data source is the UN SDG database. While this is a database with comprehensive coverage that all countries have signed up to, many countries are not yet submitting all their available national data. For this reason, scores for some countries thus may not fully capture their performance in calculating the indicators. For OECD countries, we supplement the UN SDG database with comparable data submitted to the OECD following the methodology in Measuring Distance to the SDG Targets 2019: An Assessment of Where OECD Countries Stand.",SDG Goal 1 data availability.  Source: UN Global SDG Indicators Database,Fraction of Indicators in Goal 1 with value produced by countries statistical system,POV
3,Pillar 3: Data Products,3.1,Dimension 3.1: Social Statistics,SPI.D3.1.WTRS,Indicator 3.1.6: GOAL 6: Clean Water and Sanitation,SPI.D3.1.WTRS,1,"The data products overall score is a composite score measureing whether the country is able to produce relevant indicators, primarily related to SDGs. The data products (internal process) pillar is segmented by four topics and organized into (i) social, (ii) economic, (iii) environmental, and (iv) institutional dimensions using the typology of the Sustainable Development Goals (SDGs). This approach anchors the national statistical systems performance around the essential data required to support the achievement of the 2030 global goals, and enables comparisons across countries so that a global view can be generated while enabling country specific emphasis to reflect the user needs of that country.","Availability of indicators for the Sustainable Development Goals 1-6, measured by an average score. The primary data source is the UN SDG database. While this is a database with comprehensive coverage that all countries have signed up to, many countries are not yet submitting all their available national data. For this reason, scores for some countries thus may not fully capture their performance in calculating the indicators. For OECD countries, we supplement the UN SDG database with comparable data submitted to the OECD following the methodology in Measuring Distance to the SDG Targets 2019: An Assessment of Where OECD Countries Stand.",SDG Goal 6 data availability.  Source: UN Global SDG Indicators Database,Fraction of Indicators in Goal 6 with value produced by countries statistical system,WTRS
3,Pillar 3: Data Products,3.2,Dimension 3.2: Economic Statistics,SPI.D3.2.CITY,Indicator 3.2.5: GOAL 11: Sustainable Cities and Communities,SPI.D3.2.CITY,1,"The data products overall score is a composite score measureing whether the country is able to produce relevant indicators, primarily related to SDGs. The data products (internal process) pillar is segmented by four topics and organized into (i) social, (ii) economic, (iii) environmental, and (iv) institutional dimensions using the typology of the Sustainable Development Goals (SDGs). This approach anchors the national statistical systems performance around the essential data required to support the achievement of the 2030 global goals, and enables comparisons across countries so that a global view can be generated while enabling country specific emphasis to reflect the user needs of that country.","Availability of Goal 7-12 indicators, measured by an average score. The primary data source is the UN SDG database. While this is a database with comprehensive coverage that all countries have signed up to, many countries are not yet submitting all their available national data. For this reason, scores for some countries thus may not fully capture their performance in calculating the indicators. For OECD countries, we supplement the UN SDG database with comparable data submitted to the OECD following the methodology in Measuring Distance to the SDG Targets 2019: An Assessment of Where OECD Countries Stand.",SDG Goal 11 data availability.  Source: UN Global SDG Indicators Database,Fraction of Indicators in Goal 11 with value produced by countries statistical system,CITY
3,Pillar 3: Data Products,3.2,Dimension 3.2: Economic Statistics,SPI.D3.2.CNSP,Indicator 3.2.6: GOAL 12: Responsible Consumption and Production,SPI.D3.2.CNSP,1,"The data products overall score is a composite score measureing whether the country is able to produce relevant indicators, primarily related to SDGs. The data products (internal process) pillar is segmented by four topics and organized into (i) social, (ii) economic, (iii) environmental, and (iv) institutional dimensions using the typology of the Sustainable Development Goals (SDGs). This approach anchors the national statistical systems performance around the essential data required to support the achievement of the 2030 global goals, and enables comparisons across countries so that a global view can be generated while enabling country specific emphasis to reflect the user needs of that country.","Availability of Goal 7-12 indicators, measured by an average score. The primary data source is the UN SDG database. While this is a database with comprehensive coverage that all countries have signed up to, many countries are not yet submitting all their available national data. For this reason, scores for some countries thus may not fully capture their performance in calculating the indicators. For OECD countries, we supplement the UN SDG database with comparable data submitted to the OECD following the methodology in Measuring Distance to the SDG Targets 2019: An Assessment of Where OECD Countries Stand.",SDG Goal 12 data availability.  Source: UN Global SDG Indicators Database,Fraction of Indicators in Goal 12 with value produced by countries statistical system,CNSP
3,Pillar 3: Data Products,3.2,Dimension 3.2: Economic Statistics,SPI.D3.2.ENRG,Indicator 3.2.1: GOAL 7: Affordable and Clean Energy,SPI.D3.2.ENRG,1,"The data products overall score is a composite score measureing whether the country is able to produce relevant indicators, primarily related to SDGs. The data products (internal process) pillar is segmented by four topics and organized into (i) social, (ii) economic, (iii) environmental, and (iv) institutional dimensions using the typology of the Sustainable Development Goals (SDGs). This approach anchors the national statistical systems performance around the essential data required to support the achievement of the 2030 global goals, and enables comparisons across countries so that a global view can be generated while enabling country specific emphasis to reflect the user needs of that country.","Availability of Goal 7-12 indicators, measured by an average score. The primary data source is the UN SDG database. While this is a database with comprehensive coverage that all countries have signed up to, many countries are not yet submitting all their available national data. For this reason, scores for some countries thus may not fully capture their performance in calculating the indicators. For OECD countries, we supplement the UN SDG database with comparable data submitted to the OECD following the methodology in Measuring Distance to the SDG Targets 2019: An Assessment of Where OECD Countries Stand.",SDG Goal 7 data availability.  Source: UN Global SDG Indicators Database,Fraction of Indicators in Goal 7 with value produced by countries statistical system,ENRG
3,Pillar 3: Data Products,3.2,Dimension 3.2: Economic Statistics,SPI.D3.2.INDY,"Indicator 3.2.3: GOAL 9: Industry, Innovation and Infrastructure",SPI.D3.2.INDY,1,"The data products overall score is a composite score measureing whether the country is able to produce relevant indicators, primarily related to SDGs. The data products (internal process) pillar is segmented by four topics and organized into (i) social, (ii) economic, (iii) environmental, and (iv) institutional dimensions using the typology of the Sustainable Development Goals (SDGs). This approach anchors the national statistical systems performance around the essential data required to support the achievement of the 2030 global goals, and enables comparisons across countries so that a global view can be generated while enabling country specific emphasis to reflect the user needs of that country.","Availability of Goal 7-12 indicators, measured by an average score. The primary data source is the UN SDG database. While this is a database with comprehensive coverage that all countries have signed up to, many countries are not yet submitting all their available national data. For this reason, scores for some countries thus may not fully capture their performance in calculating the indicators. For OECD countries, we supplement the UN SDG database with comparable data submitted to the OECD following the methodology in Measuring Distance to the SDG Targets 2019: An Assessment of Where OECD Countries Stand.",SDG Goal 9 data availability.  Source: UN Global SDG Indicators Database,Fraction of Indicators in Goal 9 with value produced by countries statistical system,INDY
3,Pillar 3: Data Products,3.2,Dimension 3.2: Economic Statistics,SPI.D3.2.NEQL,Indicator 3.2.4: GOAL 10: Reduced Inequality,SPI.D3.2.NEQL,1,"The data products overall score is a composite score measureing whether the country is able to produce relevant indicators, primarily related to SDGs. The data products (internal process) pillar is segmented by four topics and organized into (i) social, (ii) economic, (iii) environmental, and (iv) institutional dimensions using the typology of the Sustainable Development Goals (SDGs). This approach anchors the national statistical systems performance around the essential data required to support the achievement of the 2030 global goals, and enables comparisons across countries so that a global view can be generated while enabling country specific emphasis to reflect the user needs of that country.","Availability of Goal 7-12 indicators, measured by an average score. The primary data source is the UN SDG database. While this is a database with comprehensive coverage that all countries have signed up to, many countries are not yet submitting all their available national data. For this reason, scores for some countries thus may not fully capture their performance in calculating the indicators. For OECD countries, we supplement the UN SDG database with comparable data submitted to the OECD following the methodology in Measuring Distance to the SDG Targets 2019: An Assessment of Where OECD Countries Stand.",SDG Goal 10 data availability.  Source: UN Global SDG Indicators Database,Fraction of Indicators in Goal 10 with value produced by countries statistical system,NEQL
3,Pillar 3: Data Products,3.2,Dimension 3.2: Economic Statistics,SPI.D3.2.WORK,Indicator 3.2.2: GOAL 8: Decent Work and Economic Growth,SPI.D3.2.WORK,1,"The data products overall score is a composite score measureing whether the country is able to produce relevant indicators, primarily related to SDGs. The data products (internal process) pillar is segmented by four topics and organized into (i) social, (ii) economic, (iii) environmental, and (iv) institutional dimensions using the typology of the Sustainable Development Goals (SDGs). This approach anchors the national statistical systems performance around the essential data required to support the achievement of the 2030 global goals, and enables comparisons across countries so that a global view can be generated while enabling country specific emphasis to reflect the user needs of that country.","Availability of Goal 7-12 indicators, measured by an average score. The primary data source is the UN SDG database. While this is a database with comprehensive coverage that all countries have signed up to, many countries are not yet submitting all their available national data. For this reason, scores for some countries thus may not fully capture their performance in calculating the indicators. For OECD countries, we supplement the UN SDG database with comparable data submitted to the OECD following the methodology in Measuring Distance to the SDG Targets 2019: An Assessment of Where OECD Countries Stand.",SDG Goal 8 data availability.  Source: UN Global SDG Indicators Database,Fraction of Indicators in Goal 8 with value produced by countries statistical system,WORK
3,Pillar 3: Data Products,3.3,Dimension 3.3: Environmental Studies,SPI.D3.3.CLMT,Indicator 3.3.1: GOAL 13: Climate Action,SPI.D3.3.CLMT,1,"The data products overall score is a composite score measureing whether the country is able to produce relevant indicators, primarily related to SDGs. The data products (internal process) pillar is segmented by four topics and organized into (i) social, (ii) economic, (iii) environmental, and (iv) institutional dimensions using the typology of the Sustainable Development Goals (SDGs). This approach anchors the national statistical systems performance around the essential data required to support the achievement of the 2030 global goals, and enables comparisons across countries so that a global view can be generated while enabling country specific emphasis to reflect the user needs of that country.","Availability of Goal 13 & 15 indicators, measured by an average score. Goal 14 - Life on Water - is not included because land-locked countries do not report on these indicators. The primary data source is the UN SDG database. While this is a database with comprehensive coverage that all countries have signed up to, many countries are not yet submitting all their available national data. For this reason, scores for some countries thus may not fully capture their performance in calculating the indicators. For OECD countries, we supplement the UN SDG database with comparable data submitted to the OECD following the methodology in Measuring Distance to the SDG Targets 2019: An Assessment of Where OECD Countries Stand.",SDG Goal 13 data availability.  Source: UN Global SDG Indicators Database,Fraction of Indicators in Goal 13 with value produced by countries statistical system,CLMT
3,Pillar 3: Data Products,3.3,Dimension 3.3: Environmental Studies,SPI.D3.3.LAND,Indicator 3.3.3: GOAL 15: Life on Land,SPI.D3.3.LAND,1,"The data products overall score is a composite score measureing whether the country is able to produce relevant indicators, primarily related to SDGs. The data products (internal process) pillar is segmented by four topics and organized into (i) social, (ii) economic, (iii) environmental, and (iv) institutional dimensions using the typology of the Sustainable Development Goals (SDGs). This approach anchors the national statistical systems performance around the essential data required to support the achievement of the 2030 global goals, and enables comparisons across countries so that a global view can be generated while enabling country specific emphasis to reflect the user needs of that country.","Availability of Goal 13 & 15 indicators, measured by an average score. Goal 14 - Life on Water - is not included because land-locked countries do not report on these indicators. The primary data source is the UN SDG database. While this is a database with comprehensive coverage that all countries have signed up to, many countries are not yet submitting all their available national data. For this reason, scores for some countries thus may not fully capture their performance in calculating the indicators. For OECD countries, we supplement the UN SDG database with comparable data submitted to the OECD following the methodology in Measuring Distance to the SDG Targets 2019: An Assessment of Where OECD Countries Stand.",SDG Goal 15 data availability.  Source: UN Global SDG Indicators Database,Fraction of Indicators in Goal 15 with value produced by countries statistical system,LAND
3,Pillar 3: Data Products,3.3,Dimension 3.3: Environmental Studies,SPI.D3.3.LFWT,Indicator 3.3.2: GOAL 14: Life Below Water,SPI.D3.3.LFWT,1,"The data products overall score is a composite score measureing whether the country is able to produce relevant indicators, primarily related to SDGs. The data products (internal process) pillar is segmented by four topics and organized into (i) social, (ii) economic, (iii) environmental, and (iv) institutional dimensions using the typology of the Sustainable Development Goals (SDGs). This approach anchors the national statistical systems performance around the essential data required to support the achievement of the 2030 global goals, and enables comparisons across countries so that a global view can be generated while enabling country specific emphasis to reflect the user needs of that country.","Availability of Goal 13 & 15 indicators, measured by an average score. Goal 14 - Life on Water - is not included because land-locked countries do not report on these indicators. The primary data source is the UN SDG database. While this is a database with comprehensive coverage that all countries have signed up to, many countries are not yet submitting all their available national data. For this reason, scores for some countries thus may not fully capture their performance in calculating the indicators. For OECD countries, we supplement the UN SDG database with comparable data submitted to the OECD following the methodology in Measuring Distance to the SDG Targets 2019: An Assessment of Where OECD Countries Stand.",SDG Goal 14 data availability.  Source: UN Global SDG Indicators Database,Fraction of Indicators in Goal 14 with value produced by countries statistical system,LFWT
3,Pillar 3: Data Products,3.4,Dimension 3.4: Institutional Statistics,SPI.D3.4.INST,Indicator 3.4.1: GOAL 16: Peace and Justice Strong Institutions,SPI.D3.4.INST,1,"The data products overall score is a composite score measureing whether the country is able to produce relevant indicators, primarily related to SDGs. The data products (internal process) pillar is segmented by four topics and organized into (i) social, (ii) economic, (iii) environmental, and (iv) institutional dimensions using the typology of the Sustainable Development Goals (SDGs). This approach anchors the national statistical systems performance around the essential data required to support the achievement of the 2030 global goals, and enables comparisons across countries so that a global view can be generated while enabling country specific emphasis to reflect the user needs of that country.","Availability of Goal 16-17 indicators measured by an average score. The primary data source is the UN SDG database. While this is a database with comprehensive coverage that all countries have signed up to, many countries are not yet submitting all their available national data. For this reason, scores for some countries thus may not fully capture their performance in calculating the indicators. For OECD countries, we supplement the UN SDG database with comparable data submitted to the OECD following the methodology in Measuring Distance to the SDG Targets 2019: An Assessment of Where OECD Countries Stand.",SDG Goal 16 data availability.  Source: UN Global SDG Indicators Database,Fraction of Indicators in Goal 16 with value produced by countries statistical system,INST
3,Pillar 3: Data Products,3.4,Dimension 3.4: Institutional Statistics,SPI.D3.4.PTNS,Indicator 3.4.2: GOAL 17: Partnerships to achieve the Goal,SPI.D3.4.PTNS,1,"The data products overall score is a composite score measureing whether the country is able to produce relevant indicators, primarily related to SDGs. The data products (internal process) pillar is segmented by four topics and organized into (i) social, (ii) economic, (iii) environmental, and (iv) institutional dimensions using the typology of the Sustainable Development Goals (SDGs). This approach anchors the national statistical systems performance around the essential data required to support the achievement of the 2030 global goals, and enables comparisons across countries so that a global view can be generated while enabling country specific emphasis to reflect the user needs of that country.","Availability of Goal 16-17 indicators measured by an average score. The primary data source is the UN SDG database. While this is a database with comprehensive coverage that all countries have signed up to, many countries are not yet submitting all their available national data. For this reason, scores for some countries thus may not fully capture their performance in calculating the indicators. For OECD countries, we supplement the UN SDG database with comparable data submitted to the OECD following the methodology in Measuring Distance to the SDG Targets 2019: An Assessment of Where OECD Countries Stand.",SDG Goal 17 data availability.  Source: UN Global SDG Indicators Database,Fraction of Indicators in Goal 17 with value produced by countries statistical system,PTNS
4,Pillar 4: Data Sources,4.1,Dimension 4.1: Censuses,"",No indicators currently available,"",1,"The data sources overall score is a composity measure of whether countries have data available from the following sources: Censuses and surveys, administrative data, geospatial data, and private sector/citizen generated data. The data sources (input) pillar is segmented by four types of sources generated by (i) the statistical office (censuses and surveys), and sources accessed from elsewhere such as (ii) administrative data, (iii) geospatial data, and (iv) private sector data and citizen generated data. The appropriate balance between these source types will vary depending on a countrys institutional setting and the maturity of its statistical system. High scores should reflect the extent to which the sources being utilized enable the necessary statistical indicators to be generated. For example, a low score on environment statistics (in the data production pillar) may reflect a lack of use of (and low score for) geospatial data (in the data sources pillar). This type of linkage is inherent in the data cycle approach and can help highlight areas for investment required if country needs are to be met.","Availability of recent surveys covering broad areas. The following surveys are considered: Household Survey on income/ consumption/ expenditure/ budget/ Integrated Survey, Agriculture survey, Labor Force Survey, Health/Demographic survey, Business/establishment survey. Source: NSO websites, World Bank microdata library, ILO microdata library, IHSN microdata library.","","",""
4,Pillar 4: Data Sources,4.1,Dimension 4.1: Surveys,"",No indicators currently available,"",1,"The data sources overall score is a composity measure of whether countries have data available from the following sources: Censuses and surveys, administrative data, geospatial data, and private sector/citizen generated data. The data sources (input) pillar is segmented by four types of sources generated by (i) the statistical office (censuses and surveys), and sources accessed from elsewhere such as (ii) administrative data, (iii) geospatial data, and (iv) private sector data and citizen generated data. The appropriate balance between these source types will vary depending on a countrys institutional setting and the maturity of its statistical system. High scores should reflect the extent to which the sources being utilized enable the necessary statistical indicators to be generated. For example, a low score on environment statistics (in the data production pillar) may reflect a lack of use of (and low score for) geospatial data (in the data sources pillar). This type of linkage is inherent in the data cycle approach and can help highlight areas for investment required if country needs are to be met.","Availability of Civil Registration and Vital Statistics (CRVS) indicator. An ideal indicator for this dimension would include a score based on the density of administrative data available in sectors including social protection, education, labor, and health. However, social protection, education, health, and labor admin data indicators are not included because of lack of established methodology. While several promising sources for administrative data from the World Banks ASPIRE team, WHO, UNESCO, and ILO have been identified, these were not included due to incomplete coverage across countries. Further research and data collection effort would be needed to fill in this information, so that a more comprehensive picture of administrative data availability can be produced.","","",""
4,Pillar 4: Data Sources,4.1,Dimension 4.1: Censuses and Surveys,SPI.D4.1.AGRI,Indicator 4.1.2: Agriculture census,SPI.D4.1.AGRI,1,"The data sources overall score is a composity measure of whether countries have data available from the following sources: Censuses and surveys, administrative data, geospatial data, and private sector/citizen generated data. The data sources (input) pillar is segmented by four types of sources generated by (i) the statistical office (censuses and surveys), and sources accessed from elsewhere such as (ii) administrative data, (iii) geospatial data, and (iv) private sector data and citizen generated data. The appropriate balance between these source types will vary depending on a countrys institutional setting and the maturity of its statistical system. High scores should reflect the extent to which the sources being utilized enable the necessary statistical indicators to be generated. For example, a low score on environment statistics (in the data production pillar) may reflect a lack of use of (and low score for) geospatial data (in the data sources pillar). This type of linkage is inherent in the data cycle approach and can help highlight areas for investment required if country needs are to be met.","Availability of recent censuses and surveys covering broad areas. The following censuses and surveys are considered: Population & Housing census, Agriculture census, Business/establishment census, Household Survey on income/ consumption/ expenditure/ budget/ Integrated Survey, Agriculture survey, Labor Force Survey, Health/Demographic survey, Business/establishment survey. Source: NSO websites, World Bank microdata library, ILO microdata library, IHSN microdata library.","Agriculture censuses collect information on agricultural activities, such as size of holding, land tenure, land use, employment and production, and provide basic structural data and sampling frames for agricultural surveys.  Censuses of agriculture normally involves collecting key structural data by complete enumeration of all agricultural holdings, in combination with more detailed structural data using sampling methods.  It is recommended that agricultural censuses be conducted at least every 10 years.",1 Point. census done within last 10 years. 0.5 Points. census done within last 20 years. 0 Points. Otherwise,AGRI
4,Pillar 4: Data Sources,4.1,Dimension 4.1: Censuses and Surveys,SPI.D4.1.AGSVY,Indicator 4.1.5: Agriculture survey,SPI.D4.1.AGSVY,1,"The data sources overall score is a composity measure of whether countries have data available from the following sources: Censuses and surveys, administrative data, geospatial data, and private sector/citizen generated data. The data sources (input) pillar is segmented by four types of sources generated by (i) the statistical office (censuses and surveys), and sources accessed from elsewhere such as (ii) administrative data, (iii) geospatial data, and (iv) private sector data and citizen generated data. The appropriate balance between these source types will vary depending on a countrys institutional setting and the maturity of its statistical system. High scores should reflect the extent to which the sources being utilized enable the necessary statistical indicators to be generated. For example, a low score on environment statistics (in the data production pillar) may reflect a lack of use of (and low score for) geospatial data (in the data sources pillar). This type of linkage is inherent in the data cycle approach and can help highlight areas for investment required if country needs are to be met.","Availability of recent censuses and surveys covering broad areas. The following censuses and surveys are considered: Population & Housing census, Agriculture census, Business/establishment census, Household Survey on income/ consumption/ expenditure/ budget/ Integrated Survey, Agriculture survey, Labor Force Survey, Health/Demographic survey, Business/establishment survey. Source: NSO websites, World Bank microdata library, ILO microdata library, IHSN microdata library.","Agricultural surveys refer to surveys of agricultural holdings based on the sampling frames established by the agricultural census.  These are surveys on agricultural land, production, crops and livestock, aquaculture, labor and cost, and time use.  Some issues, such as gender and food security, are of interest to most agriculture surveys.",1 Point. 3 or more surveys done within past 10 years. 0.6 Points. 2 surveys done within past 10 years. 0.3 Points. 1 survey done within past 10 years. 0 Points. None within past 10 years,AGSVY
4,Pillar 4: Data Sources,4.1,Dimension 4.1: Censuses and Surveys,SPI.D4.1.BIZZ,Indicator 4.1.3: Business/establishment census,SPI.D4.1.BIZZ,1,"The data sources overall score is a composity measure of whether countries have data available from the following sources: Censuses and surveys, administrative data, geospatial data, and private sector/citizen generated data. The data sources (input) pillar is segmented by four types of sources generated by (i) the statistical office (censuses and surveys), and sources accessed from elsewhere such as (ii) administrative data, (iii) geospatial data, and (iv) private sector data and citizen generated data. The appropriate balance between these source types will vary depending on a countrys institutional setting and the maturity of its statistical system. High scores should reflect the extent to which the sources being utilized enable the necessary statistical indicators to be generated. For example, a low score on environment statistics (in the data production pillar) may reflect a lack of use of (and low score for) geospatial data (in the data sources pillar). This type of linkage is inherent in the data cycle approach and can help highlight areas for investment required if country needs are to be met.","Availability of recent censuses and surveys covering broad areas. The following censuses and surveys are considered: Population & Housing census, Agriculture census, Business/establishment census, Household Survey on income/ consumption/ expenditure/ budget/ Integrated Survey, Agriculture survey, Labor Force Survey, Health/Demographic survey, Business/establishment survey. Source: NSO websites, World Bank microdata library, ILO microdata library, IHSN microdata library.","Business/establishment censuses provide valuable information on all economic activities, number of employed and size of establishments in the economy.  Business Register information is establishment-based and includes business location, organization type (e.g. subsidiary or parent), industry classification, and operating data (e.g., receipts and employment).",1 Point. census done within last 10 years. 0.5 Points. census done within last 20 years. 0 Points. Otherwise,BIZZ
4,Pillar 4: Data Sources,4.1,Dimension 4.1: Censuses and Surveys,SPI.D4.1.BZSVY,Indicator 4.1.8: Business/establishment survey,SPI.D4.1.BZSVY,1,"The data sources overall score is a composity measure of whether countries have data available from the following sources: Censuses and surveys, administrative data, geospatial data, and private sector/citizen generated data. The data sources (input) pillar is segmented by four types of sources generated by (i) the statistical office (censuses and surveys), and sources accessed from elsewhere such as (ii) administrative data, (iii) geospatial data, and (iv) private sector data and citizen generated data. The appropriate balance between these source types will vary depending on a countrys institutional setting and the maturity of its statistical system. High scores should reflect the extent to which the sources being utilized enable the necessary statistical indicators to be generated. For example, a low score on environment statistics (in the data production pillar) may reflect a lack of use of (and low score for) geospatial data (in the data sources pillar). This type of linkage is inherent in the data cycle approach and can help highlight areas for investment required if country needs are to be met.","Availability of recent censuses and surveys covering broad areas. The following censuses and surveys are considered: Population & Housing census, Agriculture census, Business/establishment census, Household Survey on income/ consumption/ expenditure/ budget/ Integrated Survey, Agriculture survey, Labor Force Survey, Health/Demographic survey, Business/establishment survey. Source: NSO websites, World Bank microdata library, ILO microdata library, IHSN microdata library.","The business/establishment survey provides information on employment, hours, and earnings of employees from a sample of business establishments including private and public, entities that are classified based on an establishment's principal activity from the business or establishment census.  Establishment surveys include surveys of businesses, farms, and institutions.  They may ask for information about the establishment itself and/or employee characteristics and demographics.",1 Point. 3 or more surveys done within past 10 years. 0.6 Points. 2 surveys done within past 10 years. 0.3 Points. 1 survey done within past 10 years. 0 Points. None within past 10 years,BZSVY
4,Pillar 4: Data Sources,4.1,Dimension 4.1: Censuses and Surveys,SPI.D4.1.HLTH,Indicator 4.1.7: Health/Demographic survey,SPI.D4.1.HLTH,1,"The data sources overall score is a composity measure of whether countries have data available from the following sources: Censuses and surveys, administrative data, geospatial data, and private sector/citizen generated data. The data sources (input) pillar is segmented by four types of sources generated by (i) the statistical office (censuses and surveys), and sources accessed from elsewhere such as (ii) administrative data, (iii) geospatial data, and (iv) private sector data and citizen generated data. The appropriate balance between these source types will vary depending on a countrys institutional setting and the maturity of its statistical system. High scores should reflect the extent to which the sources being utilized enable the necessary statistical indicators to be generated. For example, a low score on environment statistics (in the data production pillar) may reflect a lack of use of (and low score for) geospatial data (in the data sources pillar). This type of linkage is inherent in the data cycle approach and can help highlight areas for investment required if country needs are to be met.","Availability of recent censuses and surveys covering broad areas. The following censuses and surveys are considered: Population & Housing census, Agriculture census, Business/establishment census, Household Survey on income/ consumption/ expenditure/ budget/ Integrated Survey, Agriculture survey, Labor Force Survey, Health/Demographic survey, Business/establishment survey. Source: NSO websites, World Bank microdata library, ILO microdata library, IHSN microdata library.","Health surveys collect information on various aspects of health of populations, such as health expenditure, access, utilization, and outcomes.  They typically include Demographic and Health Surveys.  It is recommended that health surveys be conducted at least every 3 to 5 years.",1 Point. 3 or more surveys done within past 10 years. 0.6 Points. 2 surveys done within past 10 years. 0.3 Points. 1 survey done within past 10 years. 0 Points. None within past 10 years,HLTH
4,Pillar 4: Data Sources,4.1,Dimension 4.1: Censuses and Surveys,SPI.D4.1.HOUS,"Indicator 4.1.4: Household Survey on income, etc",SPI.D4.1.HOUS,1,"The data sources overall score is a composity measure of whether countries have data available from the following sources: Censuses and surveys, administrative data, geospatial data, and private sector/citizen generated data. The data sources (input) pillar is segmented by four types of sources generated by (i) the statistical office (censuses and surveys), and sources accessed from elsewhere such as (ii) administrative data, (iii) geospatial data, and (iv) private sector data and citizen generated data. The appropriate balance between these source types will vary depending on a countrys institutional setting and the maturity of its statistical system. High scores should reflect the extent to which the sources being utilized enable the necessary statistical indicators to be generated. For example, a low score on environment statistics (in the data production pillar) may reflect a lack of use of (and low score for) geospatial data (in the data sources pillar). This type of linkage is inherent in the data cycle approach and can help highlight areas for investment required if country needs are to be met.","Availability of recent censuses and surveys covering broad areas. The following censuses and surveys are considered: Population & Housing census, Agriculture census, Business/establishment census, Household Survey on income/ consumption/ expenditure/ budget/ Integrated Survey, Agriculture survey, Labor Force Survey, Health/Demographic survey, Business/establishment survey. Source: NSO websites, World Bank microdata library, ILO microdata library, IHSN microdata library.","These surveys collect data on household income (including income in kind), consumption and expenditure.  They typically include income, expenditure, and consumption surveys, household budget surveys, integrated surveys.  It is recommended that surveys on income and expenditure be conducted at least every 3 to 5 years.",1 Point. 3 or more surveys done within past 10 years. 0.6 Points. 2 surveys done within past 10 years. 0.3 Points. 1 survey done within past 10 years. 0 Points. None within past 10 years,HOUS
4,Pillar 4: Data Sources,4.1,Dimension 4.1: Censuses and Surveys,SPI.D4.1.LABR,Indicator 4.1.6: Labor Force Survey,SPI.D4.1.LABR,1,"The data sources overall score is a composity measure of whether countries have data available from the following sources: Censuses and surveys, administrative data, geospatial data, and private sector/citizen generated data. The data sources (input) pillar is segmented by four types of sources generated by (i) the statistical office (censuses and surveys), and sources accessed from elsewhere such as (ii) administrative data, (iii) geospatial data, and (iv) private sector data and citizen generated data. The appropriate balance between these source types will vary depending on a countrys institutional setting and the maturity of its statistical system. High scores should reflect the extent to which the sources being utilized enable the necessary statistical indicators to be generated. For example, a low score on environment statistics (in the data production pillar) may reflect a lack of use of (and low score for) geospatial data (in the data sources pillar). This type of linkage is inherent in the data cycle approach and can help highlight areas for investment required if country needs are to be met.","Availability of recent censuses and surveys covering broad areas. The following censuses and surveys are considered: Population & Housing census, Agriculture census, Business/establishment census, Household Survey on income/ consumption/ expenditure/ budget/ Integrated Survey, Agriculture survey, Labor Force Survey, Health/Demographic survey, Business/establishment survey. Source: NSO websites, World Bank microdata library, ILO microdata library, IHSN microdata library.","Labor force survey is a standard household-based survey of work-related statistics at the national and sub-national employment or unemployment levels, rates or trends.  The surveys also provide the characteristics of the employed or unemployed, including labor force status by age or gender, breakdowns between employees and the self-employed, public versus private sector employment, multiple job-holding, hiring, job creation, and duration of unemployment.",1 Point. 3 or more surveys done within past 10 years. 0.6 Points. 2 surveys done within past 10 years. 0.3 Points. 1 survey done within past 10 years. 0 Points. None within past 10 years,LABR
4,Pillar 4: Data Sources,4.1,Dimension 4.1: Censuses and Surveys,SPI.D4.1.POPU,Indicator 4.1.1: Population & Housing census,SPI.D4.1.POPU,1,"The data sources overall score is a composity measure of whether countries have data available from the following sources: Censuses and surveys, administrative data, geospatial data, and private sector/citizen generated data. The data sources (input) pillar is segmented by four types of sources generated by (i) the statistical office (censuses and surveys), and sources accessed from elsewhere such as (ii) administrative data, (iii) geospatial data, and (iv) private sector data and citizen generated data. The appropriate balance between these source types will vary depending on a countrys institutional setting and the maturity of its statistical system. High scores should reflect the extent to which the sources being utilized enable the necessary statistical indicators to be generated. For example, a low score on environment statistics (in the data production pillar) may reflect a lack of use of (and low score for) geospatial data (in the data sources pillar). This type of linkage is inherent in the data cycle approach and can help highlight areas for investment required if country needs are to be met.","Availability of recent censuses and surveys covering broad areas. The following censuses and surveys are considered: Population & Housing census, Agriculture census, Business/establishment census, Household Survey on income/ consumption/ expenditure/ budget/ Integrated Survey, Agriculture survey, Labor Force Survey, Health/Demographic survey, Business/establishment survey. Source: NSO websites, World Bank microdata library, ILO microdata library, IHSN microdata library.","Population censuses collect data on the size, distribution and composition of population and information on a broad range of social and economic characteristics of the population.  It also provides sampling frames for household and other surveys.  Housing censuses provide information on the supply of housing units, the structural characteristics and facilities, and health and the development of normal family living conditions.  Data obtained as part of the population census, including data on homeless persons, are often used in the presentation and analysis of the results of the housing census.  It is recommended that population and housing censuses be conducted at least every 10 years.",1 Point. Population census done within last 10 years. 0.5 Points. Population census done within last 20 years. 0 Points. Otherwise,POPU
4,Pillar 4: Data Sources,4.2,Dimension 4.2: Administrative Data,SPI.D4.2.CRVS,Indicator 4.2.3: CRVS (WDI),SPI.D4.2.CRVS,1,"The data sources overall score is a composity measure of whether countries have data available from the following sources: Censuses and surveys, administrative data, geospatial data, and private sector/citizen generated data. The data sources (input) pillar is segmented by four types of sources generated by (i) the statistical office (censuses and surveys), and sources accessed from elsewhere such as (ii) administrative data, (iii) geospatial data, and (iv) private sector data and citizen generated data. The appropriate balance between these source types will vary depending on a countrys institutional setting and the maturity of its statistical system. High scores should reflect the extent to which the sources being utilized enable the necessary statistical indicators to be generated. For example, a low score on environment statistics (in the data production pillar) may reflect a lack of use of (and low score for) geospatial data (in the data sources pillar). This type of linkage is inherent in the data cycle approach and can help highlight areas for investment required if country needs are to be met.","Availability of Civil Registration and Vital Statistics (CRVS) indicator. An ideal indicator for this dimension would include a score based on the density of administrative data available in sectors including social protection, education, labor, and health. However, social protection, education, health, and labor admin data indicators are not included because of lack of established methodology. While several promising sources for administrative data from the World Banks ASPIRE team, WHO, UNESCO, and ILO have been identified, these were not included due to incomplete coverage across countries. Further research and data collection effort would be needed to fill in this information, so that a more comprehensive picture of administrative data availability can be produced.",Civil Registration and Vital Statistics (CRVS) complete,Birth registrations 90% complete and death registration 75% complete according to UNSD.,CRVS
4,Pillar 4: Data Sources,4.2,Dimension 4.2: Administrative Data,SPI.D4.2.EDU,Indicator 4.2.2: Education (UNESCO),SPI.D4.2.EDU,1,"The data sources overall score is a composity measure of whether countries have data available from the following sources: Censuses and surveys, administrative data, geospatial data, and private sector/citizen generated data. The data sources (input) pillar is segmented by four types of sources generated by (i) the statistical office (censuses and surveys), and sources accessed from elsewhere such as (ii) administrative data, (iii) geospatial data, and (iv) private sector data and citizen generated data. The appropriate balance between these source types will vary depending on a countrys institutional setting and the maturity of its statistical system. High scores should reflect the extent to which the sources being utilized enable the necessary statistical indicators to be generated. For example, a low score on environment statistics (in the data production pillar) may reflect a lack of use of (and low score for) geospatial data (in the data sources pillar). This type of linkage is inherent in the data cycle approach and can help highlight areas for investment required if country needs are to be met.","Availability of Civil Registration and Vital Statistics (CRVS) indicator. An ideal indicator for this dimension would include a score based on the density of administrative data available in sectors including social protection, education, labor, and health. However, social protection, education, health, and labor admin data indicators are not included because of lack of established methodology. While several promising sources for administrative data from the World Banks ASPIRE team, WHO, UNESCO, and ILO have been identified, these were not included due to incomplete coverage across countries. Further research and data collection effort would be needed to fill in this information, so that a more comprehensive picture of administrative data availability can be produced.",Administrative of nationally representative learning assessment,"In order to score this indicator, we calculate the fraction of the indicators that were produced in a country in a year. In order to smooth out variation from year to year in reporting or conducting national assessments, we take a moving 5 year average.",EDU
4,Pillar 4: Data Sources,4.2,Dimension 4.2: Administrative Data,SPI.D4.2.LBR,Indicator 4.2.4: Labor Admin (ILO),SPI.D4.2.LBR,1,"The data sources overall score is a composity measure of whether countries have data available from the following sources: Censuses and surveys, administrative data, geospatial data, and private sector/citizen generated data. The data sources (input) pillar is segmented by four types of sources generated by (i) the statistical office (censuses and surveys), and sources accessed from elsewhere such as (ii) administrative data, (iii) geospatial data, and (iv) private sector data and citizen generated data. The appropriate balance between these source types will vary depending on a countrys institutional setting and the maturity of its statistical system. High scores should reflect the extent to which the sources being utilized enable the necessary statistical indicators to be generated. For example, a low score on environment statistics (in the data production pillar) may reflect a lack of use of (and low score for) geospatial data (in the data sources pillar). This type of linkage is inherent in the data cycle approach and can help highlight areas for investment required if country needs are to be met.","Availability of Civil Registration and Vital Statistics (CRVS) indicator. An ideal indicator for this dimension would include a score based on the density of administrative data available in sectors including social protection, education, labor, and health. However, social protection, education, health, and labor admin data indicators are not included because of lack of established methodology. While several promising sources for administrative data from the World Banks ASPIRE team, WHO, UNESCO, and ILO have been identified, these were not included due to incomplete coverage across countries. Further research and data collection effort would be needed to fill in this information, so that a more comprehensive picture of administrative data availability can be produced.",Administrative data available for labor statistics from ILO databases,"To produce a score, we calculate the percentage of six admin sources that are available for a country in a given year. In order to smooth out gaps in reporting, we take a moving 5 year average of the score.",LBR
4,Pillar 4: Data Sources,4.2,Dimension 4.2: Administrative Data,SPI.D4.2.SPL,Indicator 4.2.1: Social Protection Admin (ASPIRE),SPI.D4.2.SPL,1,"The data sources overall score is a composity measure of whether countries have data available from the following sources: Censuses and surveys, administrative data, geospatial data, and private sector/citizen generated data. The data sources (input) pillar is segmented by four types of sources generated by (i) the statistical office (censuses and surveys), and sources accessed from elsewhere such as (ii) administrative data, (iii) geospatial data, and (iv) private sector data and citizen generated data. The appropriate balance between these source types will vary depending on a countrys institutional setting and the maturity of its statistical system. High scores should reflect the extent to which the sources being utilized enable the necessary statistical indicators to be generated. For example, a low score on environment statistics (in the data production pillar) may reflect a lack of use of (and low score for) geospatial data (in the data sources pillar). This type of linkage is inherent in the data cycle approach and can help highlight areas for investment required if country needs are to be met.","Availability of Civil Registration and Vital Statistics (CRVS) indicator. An ideal indicator for this dimension would include a score based on the density of administrative data available in sectors including social protection, education, labor, and health. However, social protection, education, health, and labor admin data indicators are not included because of lack of established methodology. While several promising sources for administrative data from the World Banks ASPIRE team, WHO, UNESCO, and ILO have been identified, these were not included due to incomplete coverage across countries. Further research and data collection effort would be needed to fill in this information, so that a more comprehensive picture of administrative data availability can be produced.",Administrative data available on social protection programs from ASPIRE (World Bank) databases,"Scoring is 1 if administrative data is available to produce beneficiary counts or expenditures for any social protection and labor program, 0 otherwise. In order to smooth out gaps in reporting, we take a moving 5 year average of the score.",SPL
4,Pillar 4: Data Sources,4.3,Dimension 4.3: Geospatial Data,SPI.D4.3.GEO.first.admin.level,Indicator 4.3.1: Geospatial data available at 1st Admin Level,SPI.D4.3.GEO.first.admin.level,1,"The data sources overall score is a composity measure of whether countries have data available from the following sources: Censuses and surveys, administrative data, geospatial data, and private sector/citizen generated data. The data sources (input) pillar is segmented by four types of sources generated by (i) the statistical office (censuses and surveys), and sources accessed from elsewhere such as (ii) administrative data, (iii) geospatial data, and (iv) private sector data and citizen generated data. The appropriate balance between these source types will vary depending on a countrys institutional setting and the maturity of its statistical system. High scores should reflect the extent to which the sources being utilized enable the necessary statistical indicators to be generated. For example, a low score on environment statistics (in the data production pillar) may reflect a lack of use of (and low score for) geospatial data (in the data sources pillar). This type of linkage is inherent in the data cycle approach and can help highlight areas for investment required if country needs are to be met.",Geospatial data available at 1st Admin Level. This data source from Open Data Watch focuses on data availability at the sub-national level and provides a partial understanding of a countrys ability to produce geospatial data. A research and data collection effort is needed to develop a more comprehensive global database of the availability of key geospatial indicators.,Indicator data availability at sub-national levels,"Our source for this indicator is Open Data Watch.  Indicator is whether data available at first administrative data level.  Scores range from 0-100.  For more details, consult the ODIN technical documentation.",GEO.first.admin.level
4,Pillar 4: Data Sources,4.4,Dimension 4.4: Private/citizen generated data,SPI.D4.4.SOPC,Indicator 4.4.1: NSO Website,SPI.D4.4.SOPC,1,"The data sources overall score is a composity measure of whether countries have data available from the following sources: Censuses and surveys, administrative data, geospatial data, and private sector/citizen generated data. The data sources (input) pillar is segmented by four types of sources generated by (i) the statistical office (censuses and surveys), and sources accessed from elsewhere such as (ii) administrative data, (iii) geospatial data, and (iv) private sector data and citizen generated data. The appropriate balance between these source types will vary depending on a countrys institutional setting and the maturity of its statistical system. High scores should reflect the extent to which the sources being utilized enable the necessary statistical indicators to be generated. For example, a low score on environment statistics (in the data production pillar) may reflect a lack of use of (and low score for) geospatial data (in the data sources pillar). This type of linkage is inherent in the data cycle approach and can help highlight areas for investment required if country needs are to be met.","Not included because of lack of established methodology. Currently no comprehensive source exists to measure the use of private and citizen generated data in national statistical systems, and this should be another area where more data collection is needed by the international community.",New indicator based on references to private/citizen generated data in metadata relating to content on NSO website,"",SOPC
5,Pillar 5: Data Infrastructure,5.1,Dimension 5.1: Legislation and governance,SPI.D5.1.DILG,Indicator 5.1.1: Legislation Indicator based on PARIS21 indicators on SDG 17.18.2,SPI.D5.1.DILG,1,"The data infrastructure pillar overall score measures the hard and soft infrastructure segments, itemizing essential cross cutting requirements for an effective statistical system. The segments are: (i) legislation and governance covering the existence of laws and a functioning institutional framework for the statistical system; (ii) standards and methods addressing compliance with recognized frameworks and concepts; (iii) skills including level of skills within the statistical system and among users (statistical literacy); (iv) partnerships reflecting the need for the statistical system to be inclusive and coherent; and (v) finance mobilized both domestically and from donors.","Not included because of lack of established methodology. Currently no comprehensive source exists to measure the use of private and citizen generated data in national statistical systems, and this should be another area where more data collection is needed by the international community.","Based on PARIS21 indicators on SDG 17.18.2 (national statistical legislation compliance with UN Fundamental Principles of Official Statistics), existence of National Statistical Council, national statistical strategy generation, national statistical plan. Also include some other legislative aspects that foster good use of statistics eg freedom of information, privacy/transparency, good governance (eg free and fair elections).",Scores is 1 if the country has a national statistical legislation compliant with United Nations Fundamental Principles of Statistics. Scores of 0 or scores with missing values are treated the same (both given a score of zero).,DILG
5,Pillar 5: Data Infrastructure,5.2,Dimension 5.2: Standards and Methods,SPI.D5.2.CGOV,Indicator 5.2.7: Central government accounting status,SPI.D5.2.CGOV,1,"The data infrastructure pillar overall score measures the hard and soft infrastructure segments, itemizing essential cross cutting requirements for an effective statistical system. The segments are: (i) legislation and governance covering the existence of laws and a functioning institutional framework for the statistical system; (ii) standards and methods addressing compliance with recognized frameworks and concepts; (iii) skills including level of skills within the statistical system and among users (statistical literacy); (iv) partnerships reflecting the need for the statistical system to be inclusive and coherent; and (v) finance mobilized both domestically and from donors.","Average score for Standards and Methods indicators. Internationally accepted and recommended methodology, classifications and standards provide the basis for national statistical offices (NSOs) on data integration, facilitating data exchange and providing the foundation for the preparation of relevant statistical indicators. The following methods and standards are considered: System of national accounts in use, National Accounts base year, Classification of national industry, CPI base year, Classification of household consumption, Classification of status of employment, Central government accounting status, Compilation of government finance statistics, Compilation of monetary and financial statistics, Business process. . Further work could improve the validity of this indicator and reduce the risk that countries may be incentivized to adopt only traditional standards and methods and neglect innovative solutions that may be more valid in the current context.","Government finance accounting status refers to the accounting basis for reporting central government financial data.  For many countries’ government finance data, have been consolidated into one set of accounts capturing all the central government’s fiscal activities and following noncash recording basis.  Budgetary central government accounts do not necessarily include all central government units, the picture they provide of central government activities is usually incomplete.",1 Point. Consolidated central government accounting follows noncash recording basis. 0.5 Points. Consolidated central government accounting follows cash recording basis. 0 Points. Otherwise,CGOV
5,Pillar 5: Data Infrastructure,5.2,Dimension 5.2: Standards and Methods,SPI.D5.2.CNIN,Indicator 5.2.3: Classification of national industry,SPI.D5.2.CNIN,1,"The data infrastructure pillar overall score measures the hard and soft infrastructure segments, itemizing essential cross cutting requirements for an effective statistical system. The segments are: (i) legislation and governance covering the existence of laws and a functioning institutional framework for the statistical system; (ii) standards and methods addressing compliance with recognized frameworks and concepts; (iii) skills including level of skills within the statistical system and among users (statistical literacy); (iv) partnerships reflecting the need for the statistical system to be inclusive and coherent; and (v) finance mobilized both domestically and from donors.","Average score for Standards and Methods indicators. Internationally accepted and recommended methodology, classifications and standards provide the basis for national statistical offices (NSOs) on data integration, facilitating data exchange and providing the foundation for the preparation of relevant statistical indicators. The following methods and standards are considered: System of national accounts in use, National Accounts base year, Classification of national industry, CPI base year, Classification of household consumption, Classification of status of employment, Central government accounting status, Compilation of government finance statistics, Compilation of monetary and financial statistics, Business process. . Further work could improve the validity of this indicator and reduce the risk that countries may be incentivized to adopt only traditional standards and methods and neglect innovative solutions that may be more valid in the current context.","The industrial production data are compiled using the International Standard Industrial Classification of All Economic Activities (ISIC) Rev.4 and Statistical Classification of Economic Activities in the European Community (NACE) Rev.2.  ISIC Rev.4 is a standard classification of economic activities arranged so that entities can be classified per the activity they carry out using criteria such as input, output and use of the products produced, more emphasis has been given to the character of the production process in defining and delineating ISIC classes for international comparability.  The manual and classification have changed to cover the complete scope of industrial production, employment, and GDP and other statistical areas.","1 Point. Latest version is adopted (ISIC Rev 4, NACE Rev 2 or a compatible classification). 0.5 Points. Previous version is used (ISIC Rev 3, NACE Rev 1 or a compatible classification). 0 Points. Otherwise",CNIN
5,Pillar 5: Data Infrastructure,5.2,Dimension 5.2: Standards and Methods,SPI.D5.2.CPIBY,Indicator 5.2.4: CPI base year,SPI.D5.2.CPIBY,1,"The data infrastructure pillar overall score measures the hard and soft infrastructure segments, itemizing essential cross cutting requirements for an effective statistical system. The segments are: (i) legislation and governance covering the existence of laws and a functioning institutional framework for the statistical system; (ii) standards and methods addressing compliance with recognized frameworks and concepts; (iii) skills including level of skills within the statistical system and among users (statistical literacy); (iv) partnerships reflecting the need for the statistical system to be inclusive and coherent; and (v) finance mobilized both domestically and from donors.","Average score for Standards and Methods indicators. Internationally accepted and recommended methodology, classifications and standards provide the basis for national statistical offices (NSOs) on data integration, facilitating data exchange and providing the foundation for the preparation of relevant statistical indicators. The following methods and standards are considered: System of national accounts in use, National Accounts base year, Classification of national industry, CPI base year, Classification of household consumption, Classification of status of employment, Central government accounting status, Compilation of government finance statistics, Compilation of monetary and financial statistics, Business process. . Further work could improve the validity of this indicator and reduce the risk that countries may be incentivized to adopt only traditional standards and methods and neglect innovative solutions that may be more valid in the current context.",Consumer Price Index serves as indicators of inflation and reflects changes in the cost of acquiring a fixed basket of goods and services by the average consumer.  Weights are usually derived from consumer expenditure surveys and the CPI base year refers to the year the weights were derived.  It is recommended that the base year be changed periodically to reflect changes in expenditure structure.,1 Point. Annual chain linking. 0.5 Points. Base year in last 10 years. 0 points. Otherwise,CPIBY
5,Pillar 5: Data Infrastructure,5.2,Dimension 5.2: Standards and Methods,SPI.D5.2.EMPL,Indicator 5.2.6: Classification of status of employment,SPI.D5.2.EMPL,1,"The data infrastructure pillar overall score measures the hard and soft infrastructure segments, itemizing essential cross cutting requirements for an effective statistical system. The segments are: (i) legislation and governance covering the existence of laws and a functioning institutional framework for the statistical system; (ii) standards and methods addressing compliance with recognized frameworks and concepts; (iii) skills including level of skills within the statistical system and among users (statistical literacy); (iv) partnerships reflecting the need for the statistical system to be inclusive and coherent; and (v) finance mobilized both domestically and from donors.","Average score for Standards and Methods indicators. Internationally accepted and recommended methodology, classifications and standards provide the basis for national statistical offices (NSOs) on data integration, facilitating data exchange and providing the foundation for the preparation of relevant statistical indicators. The following methods and standards are considered: System of national accounts in use, National Accounts base year, Classification of national industry, CPI base year, Classification of household consumption, Classification of status of employment, Central government accounting status, Compilation of government finance statistics, Compilation of monetary and financial statistics, Business process. . Further work could improve the validity of this indicator and reduce the risk that countries may be incentivized to adopt only traditional standards and methods and neglect innovative solutions that may be more valid in the current context.","Classification of status of employment refers to employment data that are compiled using the current international standard International Classification of Status in Employment (ISCE-93).  It classifies jobs with respect to the type of explicit or implicit contract of employment between the job holder and the economic unit in which he or she is employed.  Therefore, it aims to provide the basis for production of internationally comparable statistics on the employment relationship, including the distinction between salaried employment and self-employment.","1 Point. Follow International Labour Organization, International Classification of Status in Employment (ICSE-93) or 2012 North American Industry Classification System (NAICS). 0 Points Otherwise.",EMPL
5,Pillar 5: Data Infrastructure,5.2,Dimension 5.2: Standards and Methods,SPI.D5.2.FINA,Indicator 5.2.8: Compilation of government finance statistics,SPI.D5.2.FINA,1,"The data infrastructure pillar overall score measures the hard and soft infrastructure segments, itemizing essential cross cutting requirements for an effective statistical system. The segments are: (i) legislation and governance covering the existence of laws and a functioning institutional framework for the statistical system; (ii) standards and methods addressing compliance with recognized frameworks and concepts; (iii) skills including level of skills within the statistical system and among users (statistical literacy); (iv) partnerships reflecting the need for the statistical system to be inclusive and coherent; and (v) finance mobilized both domestically and from donors.","Average score for Standards and Methods indicators. Internationally accepted and recommended methodology, classifications and standards provide the basis for national statistical offices (NSOs) on data integration, facilitating data exchange and providing the foundation for the preparation of relevant statistical indicators. The following methods and standards are considered: System of national accounts in use, National Accounts base year, Classification of national industry, CPI base year, Classification of household consumption, Classification of status of employment, Central government accounting status, Compilation of government finance statistics, Compilation of monetary and financial statistics, Business process. . Further work could improve the validity of this indicator and reduce the risk that countries may be incentivized to adopt only traditional standards and methods and neglect innovative solutions that may be more valid in the current context.",Compilation of government finance statistics refers to the Government Finance Statistics Manual (GFSM) in use for compiling the data.  It provides guidelines on the institutional structure of governments and the presentation of fiscal data in a format similar to business accounting with a balance sheet and income statement plus guidelines on the treatment of exchange rate and other valuation adjustments.  The latest manual GFSM2014 is harmonized with the SNA2008.,1 Point. Follow the latest Government Finance Statistical Manual (2014)/ ESA2010. 0.5 Points. Previous version is used (GFSM 2001). 0 Points. Otherwise,FINA
5,Pillar 5: Data Infrastructure,5.2,Dimension 5.2: Standards and Methods,SPI.D5.2.GSBP,Indicator 5.2.10: Business process,SPI.D5.2.GSBP,1,"The data infrastructure pillar overall score measures the hard and soft infrastructure segments, itemizing essential cross cutting requirements for an effective statistical system. The segments are: (i) legislation and governance covering the existence of laws and a functioning institutional framework for the statistical system; (ii) standards and methods addressing compliance with recognized frameworks and concepts; (iii) skills including level of skills within the statistical system and among users (statistical literacy); (iv) partnerships reflecting the need for the statistical system to be inclusive and coherent; and (v) finance mobilized both domestically and from donors.","Average score for Standards and Methods indicators. Internationally accepted and recommended methodology, classifications and standards provide the basis for national statistical offices (NSOs) on data integration, facilitating data exchange and providing the foundation for the preparation of relevant statistical indicators. The following methods and standards are considered: System of national accounts in use, National Accounts base year, Classification of national industry, CPI base year, Classification of household consumption, Classification of status of employment, Central government accounting status, Compilation of government finance statistics, Compilation of monetary and financial statistics, Business process. . Further work could improve the validity of this indicator and reduce the risk that countries may be incentivized to adopt only traditional standards and methods and neglect innovative solutions that may be more valid in the current context.","The Generic Statistical Business Process Model (GSBPM) aims to describe statistics production in a general and process-oriented way.  It is used both within and between statistical offices as a common basis for work with statistics production in different ways, such as quality, efficiency, standardization, and process-orientation.  It is used for all types of surveys, and """"business"""" is not related to """"business statistics"""" but refers to the statistical office, simply expressed.",1 Point. GSBPM is in use. 0 Points. Otherwise,GSBP
5,Pillar 5: Data Infrastructure,5.2,Dimension 5.2: Standards and Methods,SPI.D5.2.HOUS,Indicator 5.2.5: Classification of household consumption,SPI.D5.2.HOUS,1,"The data infrastructure pillar overall score measures the hard and soft infrastructure segments, itemizing essential cross cutting requirements for an effective statistical system. The segments are: (i) legislation and governance covering the existence of laws and a functioning institutional framework for the statistical system; (ii) standards and methods addressing compliance with recognized frameworks and concepts; (iii) skills including level of skills within the statistical system and among users (statistical literacy); (iv) partnerships reflecting the need for the statistical system to be inclusive and coherent; and (v) finance mobilized both domestically and from donors.","Average score for Standards and Methods indicators. Internationally accepted and recommended methodology, classifications and standards provide the basis for national statistical offices (NSOs) on data integration, facilitating data exchange and providing the foundation for the preparation of relevant statistical indicators. The following methods and standards are considered: System of national accounts in use, National Accounts base year, Classification of national industry, CPI base year, Classification of household consumption, Classification of status of employment, Central government accounting status, Compilation of government finance statistics, Compilation of monetary and financial statistics, Business process. . Further work could improve the validity of this indicator and reduce the risk that countries may be incentivized to adopt only traditional standards and methods and neglect innovative solutions that may be more valid in the current context.","Classification of Individual Consumption According to Purpose (COICOP) is used in household budget surveys, consumer price indices and international comparisons of gross domestic product (GDP) and its component expenditures.  Although COICOP is not strictly linked to any particular model of consumer behavior, the classification is designed to broadly reflect differences in income elasticities.  It is an integral part of the SNA1993 and more detailed subdivision of the classes provide comparability between countries and between statistics in these different areas.",1 Point. Follow Classification of Individual Consumption by Purpose (COICOP). 0 Points. Otherwise,HOUS
5,Pillar 5: Data Infrastructure,5.2,Dimension 5.2: Standards and Methods,SPI.D5.2.MONY,Indicator 5.2.9: Compilation of monetary and financial statistics,SPI.D5.2.MONY,1,"The data infrastructure pillar overall score measures the hard and soft infrastructure segments, itemizing essential cross cutting requirements for an effective statistical system. The segments are: (i) legislation and governance covering the existence of laws and a functioning institutional framework for the statistical system; (ii) standards and methods addressing compliance with recognized frameworks and concepts; (iii) skills including level of skills within the statistical system and among users (statistical literacy); (iv) partnerships reflecting the need for the statistical system to be inclusive and coherent; and (v) finance mobilized both domestically and from donors.","Average score for Standards and Methods indicators. Internationally accepted and recommended methodology, classifications and standards provide the basis for national statistical offices (NSOs) on data integration, facilitating data exchange and providing the foundation for the preparation of relevant statistical indicators. The following methods and standards are considered: System of national accounts in use, National Accounts base year, Classification of national industry, CPI base year, Classification of household consumption, Classification of status of employment, Central government accounting status, Compilation of government finance statistics, Compilation of monetary and financial statistics, Business process. . Further work could improve the validity of this indicator and reduce the risk that countries may be incentivized to adopt only traditional standards and methods and neglect innovative solutions that may be more valid in the current context.","Compilation of monetary and financial statistics refers to the Monetary and Financial Statistics Manual (MFSM) in use.  It covers concepts, definitions, classifications of financial instruments and sectors, and accounting rules, and provides a comprehensive analytic framework for monetary and financial planning and policy determination.  The Monetary and Finance Statistics: Compilation Guide (2008) provides detailed guidelines for the compilation of monetary and financial statistics in addition to MFSM.",1 Point. Follow the latest Monetary and Finance Statistics Manual (2000) or Monetary and Finance Statistics: Compilation Guide (2008/2016). 0 Points. Otherwise,MONY
5,Pillar 5: Data Infrastructure,5.2,Dimension 5.2: Standards and Methods,SPI.D5.2.NABY,Indicator 5.2.2: National Accounts base year,SPI.D5.2.NABY,1,"The data infrastructure pillar overall score measures the hard and soft infrastructure segments, itemizing essential cross cutting requirements for an effective statistical system. The segments are: (i) legislation and governance covering the existence of laws and a functioning institutional framework for the statistical system; (ii) standards and methods addressing compliance with recognized frameworks and concepts; (iii) skills including level of skills within the statistical system and among users (statistical literacy); (iv) partnerships reflecting the need for the statistical system to be inclusive and coherent; and (v) finance mobilized both domestically and from donors.","Average score for Standards and Methods indicators. Internationally accepted and recommended methodology, classifications and standards provide the basis for national statistical offices (NSOs) on data integration, facilitating data exchange and providing the foundation for the preparation of relevant statistical indicators. The following methods and standards are considered: System of national accounts in use, National Accounts base year, Classification of national industry, CPI base year, Classification of household consumption, Classification of status of employment, Central government accounting status, Compilation of government finance statistics, Compilation of monetary and financial statistics, Business process. . Further work could improve the validity of this indicator and reduce the risk that countries may be incentivized to adopt only traditional standards and methods and neglect innovative solutions that may be more valid in the current context.",National accounts base year is the year used as the base period for constant price calculations in the country’s national accounts.  It is recommended that the base year of constant price estimates be changed periodically to reflect changes in economic structure and relative prices.,"1 point for chained price, 0.5 for reference period within past 10 years. 0 points otherwise.",NABY
5,Pillar 5: Data Infrastructure,5.2,Dimension 5.2: Standards and Methods,SPI.D5.2.SNAU,Indicator 5.2.1: System of national accounts in use,SPI.D5.2.SNAU,1,"The data infrastructure pillar overall score measures the hard and soft infrastructure segments, itemizing essential cross cutting requirements for an effective statistical system. The segments are: (i) legislation and governance covering the existence of laws and a functioning institutional framework for the statistical system; (ii) standards and methods addressing compliance with recognized frameworks and concepts; (iii) skills including level of skills within the statistical system and among users (statistical literacy); (iv) partnerships reflecting the need for the statistical system to be inclusive and coherent; and (v) finance mobilized both domestically and from donors.","Average score for Standards and Methods indicators. Internationally accepted and recommended methodology, classifications and standards provide the basis for national statistical offices (NSOs) on data integration, facilitating data exchange and providing the foundation for the preparation of relevant statistical indicators. The following methods and standards are considered: System of national accounts in use, National Accounts base year, Classification of national industry, CPI base year, Classification of household consumption, Classification of status of employment, Central government accounting status, Compilation of government finance statistics, Compilation of monetary and financial statistics, Business process. . Further work could improve the validity of this indicator and reduce the risk that countries may be incentivized to adopt only traditional standards and methods and neglect innovative solutions that may be more valid in the current context.","The national accounts data are compiled using the concepts, definitions, framework, and methodology of the System of National Account 2008 (SNA2008) or European System of National and Regional Accounts (ESA 2010).  The manual has evolved to meet the changing economic structure, to follow systematic accounting and ensure international compatibility.","Scoring: 1 point for using SNA2008 or ESA 2010, 0.5 points for using SNA 1993 or ESA 1995. 0 points otherwise",SNAU
5,Pillar 5: Data Infrastructure,5.3,Dimension 5.3: Skills,SPI.D5.3.DISK,Indicator 5.3.1: PARIS21 indicator on data literacy,SPI.D5.3.DISK,1,"The data infrastructure pillar overall score measures the hard and soft infrastructure segments, itemizing essential cross cutting requirements for an effective statistical system. The segments are: (i) legislation and governance covering the existence of laws and a functioning institutional framework for the statistical system; (ii) standards and methods addressing compliance with recognized frameworks and concepts; (iii) skills including level of skills within the statistical system and among users (statistical literacy); (iv) partnerships reflecting the need for the statistical system to be inclusive and coherent; and (v) finance mobilized both domestically and from donors.",Not included because of lack of established methodology or suitable data sources. A new indicator drawing on PARIS21 indicators such as statistical society presence and data literacy could be developed and is an area of future work.,PARIS21 indicators such as statistical society presence and data literacy. PARIS21 may also have material on Internal skills capacity and numbers of statistically qualified people in the country.,"The source is Paris 21.  Score ranges from 0 to 100.  Following the PARIS21 scoring, the score is the weighted sum of each of the four components’ scores, whose relative weight is reported in brackets: i) Basic Consideration (25%); ii) Diagnosis and quantification (24%); iii) Statistical Analysis (22%); iv) Disaggregation (29%).",DISK
5,Pillar 5: Data Infrastructure,5.4,Dimension 5.4: Partnerships,SPI.D5.4.DIPN,Indicator 5.4.1: Partnerships,SPI.D5.4.DIPN,1,"The data infrastructure pillar overall score measures the hard and soft infrastructure segments, itemizing essential cross cutting requirements for an effective statistical system. The segments are: (i) legislation and governance covering the existence of laws and a functioning institutional framework for the statistical system; (ii) standards and methods addressing compliance with recognized frameworks and concepts; (iii) skills including level of skills within the statistical system and among users (statistical literacy); (iv) partnerships reflecting the need for the statistical system to be inclusive and coherent; and (v) finance mobilized both domestically and from donors.",Not included because of lack of established methodology or suitable data sources. A new indicator based on textual analysis of NSS reports/websites for references to partner organizations could be developed. This is an area of future work.,New indicator based on textual analysis of NSS reports/websites for references to partner organisations.,"",DIPN
5,Pillar 5: Data Infrastructure,5.5,Dimension 5.5: Finance,SPI.D5.5.DIFI,Indicator 5.5.1: Finance Indicator based on PARIS21 indicators on SDG 17.18.3 & SDG 17.19.1,SPI.D5.5.DIFI,1,"The data infrastructure pillar overall score measures the hard and soft infrastructure segments, itemizing essential cross cutting requirements for an effective statistical system. The segments are: (i) legislation and governance covering the existence of laws and a functioning institutional framework for the statistical system; (ii) standards and methods addressing compliance with recognized frameworks and concepts; (iii) skills including level of skills within the statistical system and among users (statistical literacy); (iv) partnerships reflecting the need for the statistical system to be inclusive and coherent; and (v) finance mobilized both domestically and from donors.","Included in dashboard, but not index because of insufficient country coverage and concerns that the indicator has biases that would lead to misleading incentives. The indicator is based on PARIS21 SDG indicators (SDG 17.18.3 (national statistical plan that is fully funded and under implementation).",Indicator based on PARIS21 SDG indicators (SDG 17.18.3 (national statistical plan that is fully funded and under implementation) and SDG 17.19.1 (value of resources made available to strengthen statistical capacity)). Could also incorporate indicator of NSO budget as a percentage of GDP.,Scores is 1 if the country has a national statistical plan that is fully funded and under implementation. Scores of 0 or scores with missing values are treated the same (both given a score of zero).,DIFI
